{
    "web": {
        "client_id": "178361047091-ubajmcs724pr1641rdsik4ncj8vaeaur.apps.googleusercontent.com",
        "project_id": "business-messages-wifr-319806",
        "auth_uri": "https://accounts.google.com/o/oauth2/auth",
        "token_uri": "https://oauth2.googleapis.com/token",
        "auth_provider_x509_cert_url": "https://www.googleapis.com/oauth2/v1/certs",
        "client_secret": "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",
        "redirect_uris": [
            "https://link.whatifretalytics.com/drive/oauth2callback",
            "http://localhost:8000/drive/oauth2callback",
            "http://localhost:8000/gmb/oauth2callback",
            "https://chat.whatifretalytics.com:5000/bc/oauth2callback",
            "https://chat.whatifretalytics.com:5001/bc/oauth2callback"
        ]
    }
}