{
    "client_id": "178361047091-ubajmcs724pr1641rdsik4ncj8vaeaur.apps.googleusercontent.com",
    "client_secret": "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",
    "refresh_token": "1//0gVaopSvLn6mOCgYIARAAGBASNwF-L9Ir9dxVZnwGluWHvySI_nOYkytSriZYAukZSr6XZaF24fRsYz03D9wZFd5QEsnXfoH_2Ww",
    "scopes": [
       "https://www.googleapis.com/auth/drive.file"
    ],
    "token": "ya29.a0ARrdaM-AMIm77PkB7K8lN6I5CFedOtF9iGZENlLKZVjC6Y9fA_P-mUICBZv--U9uqQfjWCb1AXOrOxPUdfSYB1Hy-9LDMT2TuAFrjpCVzeE28kSFGSXT7kaT5wSvBy_YRPZJQ2P2_52x2SoDNMfLS1SzOdph",
    "token_uri": "https://oauth2.googleapis.com/token"
 }